0.00117198,#21 InspStart-Analysis1 
0.007676807,
0.01439274,
0.02133612,
0.02877316,
0.03607402,
0.04346925,
0.0509446,
0.05849038,
0.06610526,
0.07379978,
0.08159827,
0.08953737,
0.09795548,
0.1061377,
0.114387,
0.1227155,
0.1311367,
0.1396684,
0.1483364,
0.1571757,
0.1662297,
0.1758902,
0.185312,
0.1948392,
0.2044732,
0.2142168,
0.2240779,
0.2340745,
0.2442376,
0.2546111,
0.2656475,
0.276365,
0.2871709,
0.298079,
0.3091088,
0.3202901,
0.3316682,
0.3433057,
0.3552804,
0.36814,
0.3807727,
0.3936637,
0.4068344,
0.4203015,
0.4340822,
0.4481984,
0.4626817,
0.4775726,
0.4934434,
0.5089694,
0.5246579,
0.5404945,
0.5564705,
0.5725909,
0.5888801,
0.6053861,
0.6221792,
0.6399498,
0.6572165,
0.6746059,
0.6921422,
0.7098511,
0.7277648,
0.7459289,
0.7644072,
0.7832789,
0.8033224,
0.822838,
0.8425246,
0.8623925,
0.8824526,
0.9027235,
0.9232411,
0.9440633,
0.9652703,
0.9877388,
1.009546,
1.031494,
1.05361,
1.075928,
1.098495,
1.121382,
1.144686,
1.168532,
1.193935,
1.218761,
1.243929,
1.269478,
1.29544,
1.321846,
1.348737,
1.376172,
1.404227,
1.433966,
1.462944,
1.49213,
1.521518,
1.551111,
1.580925,
1.611007,
1.641436,
1.672328,
1.704908,
1.736506,
1.768254,
1.800202,
1.832394,
1.864886,
1.897748,
1.93108,
1.965004,
2.000864,
2.035691,
2.07072,
2.10598,
2.141501,
2.177319,
2.213492,
2.25011,
2.287298,
2.326522,
2.364524,
2.402672,
2.441019,
2.479622,
2.518548,
2.557897,
2.5978,
2.638429,
2.681414,
2.723228,
2.765388,
2.80796,
2.850997,
2.89455,
2.938682,
2.983483,
3.029064,
3.077116,
3.12375,
3.170545,
3.217523,
3.264707,
3.312134,
3.359875,
3.408043,
3.456794,
3.507998,
3.55752,
3.607129,
3.656909,
3.706937,
3.757294,
3.808076,
3.859414,
3.911471,
3.966231,#25 EffortNewEventStart 
4.019244,
4.072385,
4.125719,
4.179301,
4.233192,
4.28747,
4.342254,
4.397701,
4.45591,
4.51215,
4.568429,
4.624838,
4.681461,
4.738388,
4.795737,
4.853665,
4.912366,
4.974086,
5.033854,
5.093813,
5.154068,
5.2147,
5.275782,
5.337393,
5.399637,
5.462653,
5.528715,
5.592545,
5.656332,
5.720143,
5.78403,
5.848056,
5.91231,
5.976924,
6.042075,
6.110182,
6.175809,
6.241309,
6.306813,
6.372436,
6.438281,
6.504462,
6.571123,
6.638438,
6.708887,
6.776825,
6.844662,
6.912509,
6.980459,
7.048587,
7.11699,
7.185787,
7.25514,
7.327578,
7.39731,
7.466825,
7.536255,
7.605716,
7.675315,
7.745169,
7.815429,
7.886279,
7.960314,
8.031654,
8.102855,
8.17406,
8.245381,
8.316904,
8.388711,
8.460898,
8.533591,
8.609337,
8.682147,
8.754554,
8.826674,
8.898597,
8.970403,
9.042184,
9.114063,
9.186197,
9.26119,
9.333098,
9.404531,
9.475671,
9.546659,
9.617619,
9.688658,
9.759899,
9.831493,
9.905985,
9.977466,
10.0485,
10.11924,
10.18982,
10.2603,
10.33079,
10.40138,
10.47219,
10.54571,
10.61612,
10.68597,
10.75543,
10.82461,
10.89365,
10.96262,
11.03164,
11.10084,
11.17265,
11.24141,
11.30962,
11.37745,
11.44502,
11.51241,
11.5797,
11.64695,
11.71421,
11.78378,
11.85019,
11.91579,
11.98074,
12.04516,
12.10912,
12.17271,
12.23599,
12.29909,
12.36419,
12.42615,
12.48729,
12.54781,
12.60788,
12.66759,
12.72703,
12.78629,
12.84543,
12.9065,
12.96466,
13.02205,
13.07885,
13.13518,
13.19113,
13.24675,
13.30208,
13.35717,
13.41389,
13.46776,
13.52078,
13.57313,
13.62493,
13.67628,
13.72722,
13.7778,
13.82805,
13.87966,
13.92857,
13.97661,
14.02396,
14.07072,
14.11696,
14.1627,
14.20795,
14.25272,
14.29842,
14.34147,
14.38348,
14.4246,
14.46493,
14.50455,
14.54349,
14.58177,
14.61941,
14.65768,
14.69351,
14.72837,
14.76242,
14.7958,
14.82861,
14.86087,
14.8926,
14.9238,
14.95546,
14.98506,
15.01378,
15.04177,
15.06914,
15.09593,
15.12215,
15.1478,
15.17283,
15.198,
15.22133,
15.24377,
15.26544,
15.28646,
15.30685,
15.32663,
15.34577,
15.36421,
15.38247,
15.39911,
15.41485,
15.42981,
15.44404,
15.45759,
15.47044,
15.48254,
15.49382,
15.50453,
15.5138,
15.5221,
15.52953,
15.53616,
15.54203,
15.54713,
15.55142,
15.55486,
15.55749,
15.55902,
15.55972,#19 VmaxNose-Analysis1 
15.55969,
15.55901,
15.55773,
15.55583,
15.55328,
15.54999,
15.54576,
15.54086,
15.53526,
15.52904,
15.52226,
15.51493,
15.50701,
15.49845,
15.48914,
15.47866,
15.46779,
15.45629,
15.44419,
15.43155,
15.41836,
15.40458,
15.39012,
15.37488,
15.35821,
15.34138,
15.32391,
15.30585,
15.28719,
15.26794,
15.24804,
15.22742,
15.20596,
15.18281,
15.15974,
15.13607,
15.11184,
15.08704,
15.06169,
15.03574,
15.00912,
14.98173,
14.95255,
14.92381,
14.89464,
14.86505,
14.83505,
14.80464,
14.77377,
14.74237,
14.71031,
14.67643,
14.64331,
14.6099,
14.57619,
14.54217,
14.50782,
14.47307,
14.43785,
14.40204,
14.36431,
14.3276,
14.29069,
14.25355,
14.21615,
14.17846,
14.14039,
14.10186,
14.06274,
14.02156,
13.98155,
13.94134,
13.90089,
13.86015,
13.81908,
13.77762,
13.73568,
13.69316,
13.64853,
13.60526,
13.5619,
13.51841,
13.47475,
13.43088,
13.38674,
13.34227,
13.29734,
13.25037,
13.20499,
13.15967,
13.11432,
13.06891,
13.02338,
12.97766,
12.93168,
12.88532,
12.83694,
12.79031,
12.74383,
12.6974,
12.65098,
12.6045,
12.55792,
12.51114,
12.46408,
12.41505,
12.36791,
12.321,
12.27422,
12.22751,
12.18079,
12.13398,
12.08701,
12.03975,
11.99052,
11.94318,
11.89605,
11.84901,
11.802,
11.75494,
11.70779,
11.66048,
11.61294,
11.56351,
11.51608,
11.46899,
11.42215,
11.37549,
11.32896,
11.2825,
11.23604,
11.1895,
11.14124,
11.09506,
11.04928,
11.0038,
10.95852,
10.91337,
10.86827,
10.82317,
10.77799,
10.73113,
10.68631,
10.64191,
10.59781,
10.55394,
10.51022,
10.46662,
10.42308,
10.37953,
10.33444,
10.2914,
10.24885,
10.20665,
10.16471,
10.12296,
10.08134,
10.03978,
9.998209,
9.955142,
9.914014,
9.873295,
9.832864,
9.792633,
9.752549,
9.712568,
9.672658,
9.632783,
9.59158,
9.552345,
9.513644,
9.475387,
9.4375,
9.399931,
9.362637,
9.325572,
9.288679,
9.25064,
9.214529,
9.178953,
9.143787,
9.108929,
9.074309,
9.039873,
9.005574,
8.971364,
8.936024,
8.902438,
8.869317,
8.836561,
8.804091,
8.771859,
8.739828,
8.70797,
8.676249,
8.64355,
8.61254,
8.582023,
8.551892,
8.522069,
8.492488,
8.463104,
8.433874,
8.404749,
8.374694,
8.346146,
8.317997,
8.290144,
8.262517,
8.235072,
8.207787,
8.180655,
8.153666,
8.12591,
8.099651,
8.0739,
8.048587,
8.023656,
7.999068,
7.974796,
7.950811,
7.927077,
7.902729,
7.879789,
7.85731,
7.83519,
7.813348,
7.791723,
7.770274,
7.748972,
7.727791,
7.705958,
7.685315,
7.665029,
7.645023,
7.625245,
7.60566,
7.586249,
7.566997,
7.547891,
7.528245,
7.509713,
7.491545,
7.473663,
7.456011,
7.438545,
7.421232,
7.404046,
7.38696,
7.369346,
7.352674,
7.336264,
7.320047,
7.303977,
7.288029,
7.272192,
7.25647,
7.240868,
7.224864,
7.209792,
7.195076,
7.180675,
7.166558,
7.152702,
7.13909,
7.125703,
7.11252,
7.099035,
7.086408,
7.074081,
7.061983,
7.050059,
7.038264,
7.026572,
7.014961,
7.003413,
6.991488,
6.980234,
6.969174,
6.958266,
6.947478,
6.936792,
6.926196,
6.915684,
6.905247,
6.894496,
6.884368,
6.874437,
6.86466,
6.854998,
6.845428,
6.835925,
6.826468,
6.817039,
6.807275,
6.798009,
6.788851,
6.779767,
6.770727,
6.76172,
6.752743,
6.743798,
6.734889,
6.725719,
6.717063,
6.708596,
6.700302,
6.692169,
6.684184,
6.676338,
6.668615,
6.660994,
6.653169,
6.645825,
6.63863,
6.631542,
6.624524,
6.61755,
6.610597,
6.603648,
6.596685,
6.589429,
6.582531,
6.5757,
6.568916,
6.562163,
6.555431,
6.548712,
6.541999,
6.53528,
6.528294,
6.521656,
6.515091,
6.508578,
6.502094,
6.495622,
6.489144,
6.482642,
6.476093,
6.469235,
6.462652,
6.456078,
6.449492,
6.442881,
6.436237,
6.429556,
6.422836,
6.416076,
6.409043,
6.402321,
6.395676,
6.389103,
6.382596,
6.376151,
6.369757,
6.3634,
6.357058,
6.350473,
6.344208,
6.338,
6.331823,
6.325654,
6.319474,
6.313266,
6.307008,
6.300684,
6.294038,
6.287646,
6.281259,
6.274867,
6.268459,
6.26203,
6.255568,
6.249065,
6.242504,
6.235628,
6.229023,
6.222436,
6.21585,
6.209253,
6.202629,
6.195961,
6.18923,
6.18241,
6.175232,
6.168289,
6.161318,
6.154305,
6.14724,
6.140114,
6.132923,
6.125656,
6.118307,
6.110617,
6.103209,
6.095829,
6.088476,
6.081145,
6.073831,
6.066523,
6.059205,
6.051852,
6.044181,
6.036819,
6.029485,
6.022158,
6.01482,
6.007455,
6.000044,
5.99257,
5.985009,
5.977071,
5.969413,
5.961754,
5.954084,
5.946391,
5.938669,
5.930906,
5.923089,
5.915197,
5.906936,
5.898979,
5.891038,
5.883097,
5.875141,
5.867155,
5.859123,
5.851024,
5.84283,
5.834231,
5.825919,
5.817593,
5.809234,
5.800831,
5.792375,
5.783857,
5.775266,
5.766589,
5.757521,
5.748786,
5.740085,
5.73141,
5.722755,
5.714111,
5.705467,
5.696807,
5.688106,
5.679041,
5.670337,
5.661677,
5.653034,
5.644393,
5.635735,
5.627045,
5.618304,
5.609488,
5.600273,
5.591403,
5.58256,
5.573725,
5.564888,
5.556037,
5.547161,
5.538247,
5.529275,
5.519916,
5.510926,
5.501979,
5.493055,
5.484137,
5.475209,
5.466255,
5.457257,
5.448188,
5.438714,
5.429591,
5.420487,
5.411383,
5.402262,
5.393115,
5.383932,
5.374701,
5.365411,
5.35574,
5.346455,
5.337234,
5.328065,
5.318935,
5.309835,
5.300755,
5.29168,
5.282588,
5.273147,
5.264114,
5.255152,
5.246236,
5.237347,
5.228465,
5.219578,
5.210668,
5.201716,
5.192397,
5.183462,
5.174586,
5.165748,
5.156934,
5.148133,
5.139334,
5.130525,
5.12169,
5.112511,
5.10373,
5.09502,
5.086362,
5.077736,
5.069127,
5.060519,
5.051898,
5.043242,
5.034237,
5.025602,
5.01702,
5.008466,
4.999924,
4.991384,
4.982838,
4.974277,
4.965692,
4.956791,
4.948282,
4.939863,
4.931519,
4.923239,
4.91501,
4.906825,
4.898671,
4.890532,
4.882114,
4.874093,
4.866164,
4.858302,
4.850486,
4.8427,
4.83493,
4.827163,
4.819386,
4.811316,
4.803611,
4.795982,
4.788408,
4.780876,
4.773373,
4.765893,
4.758426,
4.750961,
4.743231,
4.735865,
4.728585,
4.721369,
4.7142,
4.707063,
4.699946,
4.692837,
4.685721,
4.678338,
4.671284,
4.664294,
4.657345,
4.650421,
4.643513,
4.636615,
4.629723,
4.622832,
4.615707,
4.608923,
4.602234,
4.595626,
4.589088,
4.582611,
4.576187,
4.569809,
4.563463,
4.556918,
4.550707,
4.544589,
4.538537,
4.532534,
4.526565,
4.520621,
4.514689,
4.50876,
4.502618,
4.496771,
4.490993,
4.485268,
4.479583,
4.473929,
4.4683,
4.462691,
4.457093,
4.451304,
4.445804,
4.440378,
4.43501,
4.429684,
4.424388,
4.419113,
4.413848,
4.408583,
4.403121,
4.397912,
4.392751,
4.387623,
4.382516,
4.377419,
4.372332,
4.36725,
4.362172,
4.356923,
4.351933,
4.34702,
4.342174,
4.337384,
4.332647,
4.327956,
4.323303,
4.31868,
4.31391,
4.309394,
4.304947,
4.30055,
4.296188,
4.291849,
4.287525,
4.283207,
4.278885,
4.274398,
4.270126,
4.265901,
4.261709,
4.257542,
4.253394,
4.249258,
4.245132,
4.241008,
4.236733,
4.232668,
4.228652,
4.224672,
4.220718,
4.216779,
4.212848,
4.208914,
4.204969,
4.200862,
4.196933,
4.193029,
4.189137,
4.185248,
4.181357,
4.177461,
4.173556,
4.169641,
4.16558,
4.161707,
4.157883,
4.154101,
4.150356,
4.146644,
4.142958,
4.139294,
4.135641,
4.13186,
4.128265,
4.124712,
4.121187,
4.117679,
4.114178,
4.110676,
4.107164,
4.103635,
4.099952,
4.096429,
4.092927,
4.08944,
4.085961,
4.082484,
4.079005,
4.07552,
4.072021,
4.068375,
4.064891,
4.061433,
4.05799,
4.054557,
4.051124,
4.047684,
4.044228,
4.040744,
4.0371,
4.033594,
4.030094,
4.02659,
4.023074,
4.019544,
4.015995,
4.012424,
4.008828,
4.005079,
4.001485,
3.997919,
3.994376,
3.990854,
3.987348,
3.983854,
3.980365,
3.976872,
3.973238,
3.969766,
3.966318,
3.962885,
3.959456,
3.956023,
3.952581,
3.949118,
3.945627,
3.941974,
3.938463,
3.934963,
3.931468,
3.927971,
3.924469,
3.920958,
3.91743,
3.913879,
3.910171,
3.906612,
3.903071,
3.899538,
3.896006,
3.892467,
3.888916,
3.885342,
3.881734,
3.877954,
3.874311,
3.870667,
3.867016,
3.86335,
3.859666,
3.855959,
3.852227,
3.848463,
3.844536,
3.840762,
3.83701,
3.833277,
3.829559,
3.825851,
3.82215,
3.818449,
3.814736,
3.810874,
3.807173,
3.803497,
3.799833,
3.796173,
3.792509,
3.788834,
3.78514,
3.781418,
3.777527,
3.773787,
3.770061,
3.766341,
3.762621,
3.758898,
3.755167,
3.751421,
3.747653,
3.743723,
3.739952,
3.736202,
3.732463,
3.728728,
3.72499,
3.721242,
3.717475,
3.713678,
3.709709,
3.705887,
3.702072,
3.698255,
3.694429,
3.69059,
3.686733,
3.682855,
3.678951,
3.674885,
3.670982,
3.667107,
3.663253,
3.659418,
3.655597,
3.651786,
3.647977,
3.644162,
3.640199,
3.636408,
3.632647,
3.628904,
3.625171,
3.621439,
3.617703,
3.613954,
3.610184,
3.606253,
3.602483,
3.598734,
3.594999,
3.591271,
3.587544,
3.583817,
3.580081,
3.576331,
3.57243,
3.568694,
3.564986,
3.561295,
3.557616,
3.553939,
3.55026,
3.546568,
3.542855,
3.538983,
3.535265,
3.531561,
3.527862,
3.524161,
3.520454,
3.516737,
3.513006,
3.509258,
3.505362,
3.50163,
3.497932,
3.494261,
3.490614,
3.486985,
3.48337,
3.479764,
3.476158,
3.47242,
3.468851,
3.465317,
3.461806,
3.458309,
3.454819,
3.45133,
3.447834,
3.444324,
3.440672,
3.437175,
3.433704,
3.430251,
3.426809,
3.423374,
3.419941,
3.416506,
3.413063,
3.409486,
3.406068,
3.40268,
3.399313,
3.39596,
3.392614,
3.389268,
3.385915,
3.382548,
3.37904,
3.375675,
3.372328,
3.368989,
3.365651,
3.36231,
3.358962,
3.355605,
3.352235,
3.348735,
3.345388,
3.342075,
3.338789,
3.335528,
3.332286,
3.32906,
3.325845,
3.322633,
3.319305,
3.316132,
3.312992,
3.309875,
3.306773,
3.303677,
3.300583,
3.297484,
3.294374,
3.291137,
3.288041,
3.284967,
3.281911,
3.278864,
3.275824,
3.272787,
3.269747,
3.266701,
3.263536,
3.260512,
3.257516,
3.254538,
3.251573,
3.248613,
3.245654,
3.242687,
3.239706,
3.236598,
3.233618,
3.230651,
3.22769,
3.224729,
3.221763,
3.218789,
3.215806,
3.21281,
3.209696,
3.206718,
3.203768,
3.200842,
3.197938,
3.195049,
3.192175,
3.189309,
3.186444,
3.183473,
3.18064,
3.177835,
3.175048,
3.172271,
3.1695,
3.166727,
3.163947,
3.161154,
3.158243,
3.155456,
3.152687,
3.149929,
3.147179,
3.144432,
3.141685,
3.138934,
3.136173,
3.1333,
3.130552,
3.127827,
3.125115,
3.122412,
3.119712,
3.117008,
3.114296,
3.111567,
3.108718,
3.105982,
3.103254,
3.10053,
3.097802,
3.095067,
3.092322,
3.089566,
3.086794,
3.083909,
3.081147,
3.078408,
3.075688,
3.072985,
3.070296,
3.067616,
3.064941,
3.062266,
3.059487,
3.056833,
3.054202,
3.051586,
3.048977,
3.04637,
3.043759,
3.04114,
3.038505,
3.035756,
3.03312,
3.030498,
3.027886,
3.025277,
3.022669,
3.020059,
3.017442,
3.014814,
3.012077,
3.009456,
3.006853,
3.004262,
3.001676,
2.999092,
2.996503,
2.993903,
2.991285,
2.988552,
2.985924,
2.983303,
2.980684,
2.978061,
2.97543,
2.97279,
2.970137,
2.967468,
2.96469,
2.962027,
2.959385,
2.956761,
2.954152,
2.951554,
2.948964,
2.946379,
2.943789,
2.941102,
2.938532,
2.935984,
2.933449,
2.930921,
2.928394,
2.925864,
2.923325,
2.920772,
2.918109,
2.915555,
2.913015,
2.910483,
2.907955,
2.905429,
2.902901,
2.900367,
2.897821,
2.895173,
2.892636,
2.890117,
2.88761,
2.885108,
2.882609,
2.880106,
2.877594,
2.875067,
2.87243,
2.869897,
2.867373,
2.864852,
2.862329,
2.859801,
2.857266,
2.854721,
2.852163,
2.849503,
2.846956,
2.84443,
2.841923,
2.839431,
2.836951,
2.834482,
2.832016,
2.829551,
2.826993,
2.824551,
2.822131,
2.819726,
2.817329,
2.814936,
2.812542,
2.810143,
2.807732,
2.805222,
2.802818,
2.80043,
2.798052,
2.795681,
2.793314,
2.790947,
2.788577,
2.786201,
2.783732,
2.78137,
2.779029,
2.776701,
2.774381,
2.772066,
2.769751,
2.767431,
2.765101,
2.762674,
2.760347,
2.758032,
2.755723,
2.753416,
2.751108,
2.748797,
2.746481,
2.744157,
2.741745,
2.73944,
2.737158,
2.734897,
2.732653,
2.730423,
2.728206,
2.725996,
2.723791,
2.721507,
2.719331,
2.717179,
2.715044,
2.71292,
2.710802,
2.708687,
2.70657,
2.704447,
2.702242,
2.700134,
2.698043,
2.695966,
2.693898,
2.691836,
2.689777,
2.68772,
2.685661,
2.683525,
2.681488,
2.679471,
2.67747,
2.675479,
2.673496,
2.671515,
2.669533,
2.667546,
2.665482,
2.663506,
2.661544,
2.659591,
2.657641,
2.655694,
2.653747,
2.651799,
2.649848,
2.647828,
2.645901,
2.643998,
2.642116,
2.640252,
2.638404,
2.636569,
2.634744,
2.632926,
2.631049,
2.629264,
2.627503,
2.625759,
2.624027,
2.622302,
2.620582,
2.618863,
2.617142,
2.615357,
2.613654,
2.611969,
2.610296,
2.608632,
2.606976,
2.605325,
2.603677,
2.602031,
2.600325,
2.598702,
2.597098,
2.595508,
2.593929,
2.592357,
2.59079,
2.589223,
2.587654,
2.586024,
2.584468,
2.582923,
2.581386,
2.579853,
2.578323,
2.576793,
2.575264,
2.573733,
2.57215,
2.570642,
2.569155,
2.567687,
2.566234,
2.564796,
2.563371,
2.561955,
2.560547,
2.559094,
2.557715,
2.556356,
2.555011,
2.553676,
2.552348,
2.551024,
2.549701,
2.548376,
2.547001,
2.545691,
2.544394,
2.543107,
2.541828,
2.540554,
2.539284,
2.538016,
2.53675,
2.535437,
2.534188,
2.532953,
2.531731,
2.530515,
2.529305,
2.528097,
2.526889,
2.525678,
2.524417,
2.523211,
2.522014,
2.520819,
2.519627,
2.518434,
2.51724,
2.516043,
2.514845,
2.513601,
2.512416,
2.511246,
2.510089,
2.508944,
2.50781,
2.506683,
2.505564,
2.504449,
2.503296,
2.5022,
2.501119,
2.500046,
2.49898,
2.497917,
2.496854,
2.49579,
2.494722,
2.493608,
2.492544,
2.491488,
2.490438,
2.489391,
2.488346,
2.487302,
2.486256,
2.485209,
2.484118,
2.483077,
2.482046,
2.48102,
2.479998,
2.478977,
2.477955,
2.476929,
2.475896,
2.474815,
2.473777,
2.472741,
2.471704,
2.470664,
2.469619,
2.468569,
2.467514,
2.466451,
2.465343,
2.464281,
2.463229,
2.462184,
2.461145,
2.460112,
2.459083,
2.458056,
2.457028,
2.45596,
2.45494,
2.453927,
2.45292,
2.451914,
2.450907,
2.449897,
2.448882,
2.447859,
2.446787,
2.445758,
2.444732,
2.443707,
2.442682,
2.441656,
2.440626,
2.439592,
2.438551,
2.437462,
2.436418,
2.435379,
2.434342,
2.433305,
2.432266,
2.431221,
2.43017,
2.429106,
2.42799,
2.426913,
2.425834,
2.42475,
2.42366,
2.422563,
2.421458,
2.420342,
2.419214,
2.418035,
2.4169,
2.41577,
2.414644,
2.413521,
2.4124,
2.41128,
2.410158,
2.409031,
2.407856,
2.406728,
2.405606,
2.404486,
2.403366,
2.402242,
2.401113,
2.399976,
2.398827,
2.397624,
2.396464,
2.395306,
2.394148,
2.392988,
2.391825,
2.390657,
2.389482,
2.388297,
2.387058,
2.385866,
2.384678,
2.383491,
2.382303,
2.381112,
2.379913,
2.378706,
2.377485,
2.376204,
2.374965,
2.373725,
2.37248,
2.371227,
2.369967,
2.368696,
2.367414,
2.366118,
2.364763,
2.363458,
2.362157,
2.36086,
2.359566,
2.358272,
2.356979,
2.355683,
2.35438,
2.353022,
2.351718,
2.35042,
2.349124,
2.347828,
2.346529,
2.345225,
2.343912,
2.342588,
2.341202,
2.339867,
2.338535,
2.337205,
2.335873,
2.334538,
2.333199,
2.331853,
2.330498,
2.329082,
2.327721,
2.326366,
2.325013,
2.323659,
2.322304,
2.320943,
2.319572,
2.318188,
2.316739,
2.315341,
2.313942,
2.31254,
2.311132,
2.309718,
2.308293,
2.306858,
2.30541,
2.303898,
2.302444,
2.300996,
2.299554,
2.298116,
2.29668,
2.295246,
2.293809,
2.292366,
2.290864,
2.289425,
2.287992,
2.286565,
2.285139,
2.283712,
2.28228,
2.280841,
2.279392,
2.277877,
2.276421,
2.274971,
2.273523,
2.272077,
2.270628,
2.269177,
2.267721,
2.266255,
2.264727,
2.263261,
2.261803,
2.260349,
2.258896,
2.257443,
2.255986,
2.25452,
2.253043,
2.251498,
2.25001,
2.248524,
2.247037,
2.245546,
2.244048,
2.242543,
2.241029,
2.239503,
2.237911,
2.236383,
2.234863,
2.233351,
2.231845,
2.230343,
2.228843,
2.227342,
2.225838,
2.224273,
2.222774,
2.221286,
2.219804,
2.218325,
2.216845,
2.215363,
2.213874,
2.212376,
2.210812,
2.209311,
2.207817,
2.206327,
2.204839,
2.203351,
2.201861,
2.200366,
2.198864,
2.197299,
2.195799,
2.194308,
2.192822,
2.19134,
2.189857,
2.188372,
2.186879,
2.185376,
2.183804,
2.182292,
2.180783,
2.179274,
2.177762,
2.176245,
2.17472,
2.173187,
2.171644,
2.170035,
2.168492,
2.166958,
2.165433,
2.163915,
2.162402,
2.160892,
2.159383,
2.15787,
2.156297,
2.154792,
2.153298,
2.151812,
2.150328,
2.148845,
2.147359,
2.145868,
2.144367,
2.142801,
2.141299,
2.139805,
2.138314,
2.136826,
2.135338,
2.133849,
2.132355,
2.130855,
2.129292,
2.127794,
2.126306,
2.124824,
2.123345,
2.121867,
2.120385,
2.118897,
2.117399,
2.115833,
2.114327,
2.112824,
2.111322,
2.109816,
2.108306,
2.106789,
2.105265,
2.10373,
2.102131,
2.100597,
2.099074,
2.09756,
2.096053,
2.094551,
2.093053,
2.091556,
2.090057,
2.088499,
2.087008,
2.085529,
2.084057,
2.082589,
2.081121,
2.079652,
2.078176,
2.076692,
2.075143,
2.073658,
2.07218,
2.070708,
2.069237,
2.067767,
2.066296,
2.06482,
2.063339,
2.061795,
2.060317,
2.058849,
2.057387,
2.055928,
2.05447,
2.053009,
2.051542,
2.050066,
2.048523,
2.047039,
2.04556,
2.044081,
2.042599,
2.041113,
2.039621,
2.038122,
2.036613,
2.035041,
2.033535,
2.032039,
2.030553,
2.029074,
2.027601,
2.026133,
2.024666,
2.023197,
2.021671,
2.020212,
2.018765,
2.017326,
2.01589,
2.014456,
2.013019,
2.011577,
2.010128,
2.008615,
2.007165,
2.005723,
2.004286,
2.002852,
2.001419,
1.999984,
1.998546,
1.997102,
1.995599,
1.99416,
1.992731,
1.991308,
1.989889,
1.98847,
1.98705,
1.985624,
1.984188,
1.982689,
1.981248,
1.979812,
1.978376,
1.976937,
1.975495,
1.974047,
1.972592,
1.971129,
1.969606,
1.968145,
1.966696,
1.965257,
1.963826,
1.9624,
1.96098,
1.959561,
1.958141,
1.956666,
1.955256,
1.953859,
1.952469,
1.951083,
1.949699,
1.948312,
1.946922,
1.945523,
1.944065,
1.942667,
1.941277,
1.939892,
1.93851,
1.937129,
1.935747,
1.934362,
1.932971,
1.931524,
1.930138,
1.928763,
1.927394,
1.926028,
1.924664,
1.923298,
1.921926,
1.920545,
1.919104,
1.917718,
1.916336,
1.914956,
1.913572,
1.912186,
1.910793,
1.909394,
1.907987,
1.906522,
1.905118,
1.903726,
1.902342,
1.900967,
1.899597,
1.898232,
1.89687,
1.895506,
1.89409,
1.892737,
1.891395,
1.890061,
1.888731,
1.887403,
1.886072,
1.884738,
1.883396,
1.881997,
1.880655,
1.879322,
1.877993,
1.876667,
1.875342,
1.874016,
1.872687,
1.871353,
1.869965,
1.868636,
1.867316,
1.866004,
1.864694,
1.863385,
1.862075,
1.860759,
1.859434,
1.858051,
1.856722,
1.855396,
1.85407,
1.852742,
1.85141,
1.850072,
1.848728,
1.847375,
1.845967,
1.844618,
1.843278,
1.841948,
1.840626,
1.83931,
1.837998,
1.836688,
1.835377,
1.834015,
1.832715,
1.831426,
1.830143,
1.828865,
1.827587,
1.826308,
1.825025,
1.823734,
1.822389,
1.821098,
1.819815,
1.818536,
1.81726,
1.815985,
1.814709,
1.81343,
1.812146,
1.810809,
1.809529,
1.808258,
1.806994,
1.805732,
1.804471,
1.803208,
1.801939,
1.800662,
1.799327,
1.798043,
1.796763,
1.795481,
1.794197,
1.792908,
1.791614,
1.790312,
1.789001,
1.787636,
1.786327,
1.785027,
1.783736,
1.782452,
1.781173,
1.779898,
1.778625,
1.77735,
1.776026,
1.77476,
1.773505,
1.772255,
1.771009,
1.769763,
1.768515,
1.767263,
1.766002,
1.764687,
1.763424,
1.762169,
1.760916,
1.759666,
1.758416,
1.757164,
1.755909,
1.754648,
1.753333,
1.752074,
1.750823,
1.749578,
1.748334,
1.74709,
1.745844,
1.74459,
1.743327,
1.742005,
1.740733,
1.739462,
1.738189,
1.736912,
1.73563,
1.73434,
1.733041,
1.731733,
1.730368,
1.729057,
1.727755,
1.726459,
1.72517,
1.723884,
1.722601,
1.721318,
1.720033,
1.718694,
1.717414,
1.716142,
1.714875,
1.71361,
1.712344,
1.711074,
1.709799,
1.708513,
1.707169,
1.705877,
1.704591,
1.703307,
1.702023,
1.700739,
1.699451,
1.698157,
1.696856,
1.695497,
1.694194,
1.692898,
1.691605,
1.690313,
1.689018,
1.68772,
1.686413,
1.685093,
1.68371,
1.682377,
1.681043,
1.679707,
1.678364,
1.677014,
1.675655,
1.674285,
1.672902,
1.671458,
1.670068,
1.668685,
1.667308,
1.665934,
1.664563,
1.663193,
1.66182,
1.660442,
1.659006,
1.657628,
1.656258,
1.654892,
1.653525,
1.652156,
1.650781,
1.649398,
1.648003,
1.646542,
1.645138,
1.643735,
1.642335,
1.640933,
1.639528,
1.638118,
1.636702,
1.635274,
1.633782,
1.632349,
1.630921,
1.629495,
1.628069,
1.62664,
1.625204,
1.623759,
1.622298,
1.620767,
1.619289,
1.617811,
1.616329,
1.61484,
1.613342,
1.611835,
1.610315,
1.60878,
1.607176,
1.605632,
1.604095,
1.602562,
1.601032,
1.599504,
1.597976,
1.596445,
1.594906,
1.593302,
1.591762,
1.590229,
1.5887,
1.587171,
1.585639,
1.584101,
1.582553,
1.580992,
1.579359,
1.577788,
1.57622,
1.574654,
1.573087,
1.571517,
1.569942,
1.568359,
1.566765,
1.5651,
1.563501,
1.561908,
1.560319,
1.55873,
1.557137,
1.555539,
1.553932,
1.552309,
1.550612,
1.548975,
1.54734,
1.545703,
1.54406,
1.54241,
1.540752,
1.539083,
1.5374,
1.535644,
1.533956,
1.532277,
1.530605,
1.528938,
1.527275,
1.525613,
1.523948,
1.522278,
1.520541,
1.518875,
1.517219,
1.515569,
1.513922,
1.512273,
1.510621,
1.508961,
1.50729,
1.505546,
1.503871,
1.502203,
1.500539,
1.498878,
1.497215,
1.49555,
1.493881,
1.492202,
1.490454,
1.488777,
1.487111,
1.485452,
1.483795,
1.482139,
1.48048,
1.478814,
1.477138,
1.47539,
1.473709,
1.472034,
1.470361,
1.468687,
1.46701,
1.465328,
1.463639,
1.461942,
1.460177,
1.458485,
1.456806,
1.455139,
1.45348,
1.451829,
1.450182,
1.448538,
1.446892,
1.445185,
1.443553,
1.441936,
1.440329,
1.438727,
1.437128,
1.435529,
1.433927,
1.432319,
1.430646,
1.429043,
1.427453,
1.42587,
1.424292,
1.422718,
1.421145,
1.419571,
1.417993,
1.416355,
1.414789,
1.413237,
1.411696,
1.410161,
1.408629,
1.407099,
1.405567,
1.40403,
1.402432,
1.400902,
1.399381,
1.397866,
1.396354,
1.394844,
1.393333,
1.39182,
1.390304,
1.388733,
1.387233,
1.38575,
1.384281,
1.382824,
1.381376,
1.379938,
1.378505,
1.377076,
1.375598,
1.374192,
1.372801,
1.371424,
1.370054,
1.36869,
1.367329,
1.365968,
1.364606,
1.363193,
1.361844,
1.360509,
1.359183,
1.357865,
1.356552,
1.355243,
1.353936,
1.35263,
1.351277,
1.349988,
1.348714,
1.347452,
1.346197,
1.344949,
1.343704,
1.34246,
1.341215,
1.339924,
1.338692,
1.33747,
1.336256,
1.335047,
1.333842,
1.332638,
1.331436,
1.330235,
1.328993,
1.327811,
1.326646,
1.325496,
1.324358,
1.323231,
1.322113,
1.321003,
1.319899,
1.31876,
1.31768,
1.316616,
1.315563,
1.314519,
1.313481,
1.312447,
1.311415,
1.310383,
1.309315,
1.308298,
1.307293,
1.306297,
1.305308,
1.304324,
1.303344,
1.302368,
1.301394,
1.300387,
1.29943,
1.298486,
1.297552,
1.296625,
1.295704,
1.294786,
1.293871,
1.292957,
1.29201,
1.291107,
1.290215,
1.289329,
1.288447,
1.287569,
1.286694,
1.285821,
1.284951,
1.284053,#18 MaxNegPressure-Analysis1 
1.2832,
1.282362,
1.281536,
1.280721,
1.279915,
1.279118,
1.278328,
1.277545,
1.276739,
1.275976,
1.275226,
1.274486,
1.273753,
1.273025,
1.2723,
1.271578,
1.270857,
1.270111,
1.269401,
1.268702,
1.268009,
1.267321,
1.266638,
1.265959,
1.265283,
1.264609,
1.263913,
1.263253,
1.262603,
1.26196,
1.261324,
1.260692,
1.260063,
1.259437,
1.258812,
1.258165,
1.25755,
1.256942,
1.25634,
1.255741,
1.255145,
1.254552,
1.253961,
1.253373,
1.252768,
1.252195,
1.251633,
1.251081,
1.250538,
1.250002,
1.249474,
1.248952,
1.248436,
1.247906,
1.247407,
1.246918,
1.246436,
1.24596,
1.245487,
1.245018,
1.244551,
1.244085,
1.243604,
1.243149,
1.2427,
1.242256,
1.241817,
1.241381,
1.240949,
1.240519,
1.240091,
1.239651,
1.239235,
1.238826,
1.238423,
1.238025,
1.23763,
1.237238,
1.236848,
1.23646,
1.236061,
1.235681,
1.235307,
1.234938,
1.234571,
1.234207,
1.233846,
1.233487,
1.233131,
1.232766,
1.232422,
1.232086,
1.231758,
1.231437,
1.231121,
1.230812,
1.230508,
1.230209,
1.229903,
1.229617,
1.229339,
1.229065,
1.228796,
1.22853,
1.228267,
1.228005,
1.227746,
1.227479,
1.227227,
1.226979,
1.226736,
1.226495,
1.226257,
1.226022,
1.225789,
1.225558,
1.225321,
1.225099,
1.224881,
1.224668,
1.224457,
1.22425,
1.224044,
1.22384,
1.223639,
1.223431,
1.223236,
1.223044,
1.222855,
1.222668,
1.222484,
1.222301,
1.222121,
1.221943,
1.221762,
1.221593,
1.221429,
1.221269,
1.221114,
1.220963,
1.220816,
1.220673,
1.220532,
1.22039,
1.220259,
1.220131,
1.220006,
1.219884,
1.219764,
1.219645,
1.219527,
1.219411,
1.219291,
1.219178,
1.219068,
1.218959,
1.218852,
1.218746,
1.218641,
1.218538,
1.218435,
1.21833,
1.218231,
1.218134,
1.218039,
1.217946,
1.217853,
1.217762,
1.217671,
1.217581,
1.217489,
1.217402,
1.217317,
1.217233,
1.217151,
1.217069,
1.216989,
1.21691,
1.216832,
1.216752,
1.216678,
1.216606,
1.216536,
1.216469,
1.216403,
1.216338,
1.216275,
1.216213,
1.21615,
1.216091,
1.216034,
1.215977,
1.215921,
1.215866,
1.21581,
1.215754,
1.215699,
1.215641,
1.215585,
1.215531,
1.215476,
1.215421,
1.215367,
1.215312,
1.215257,
1.215202,
1.215144,
1.21509,
1.215035,
1.214981,
1.214926,
1.214872,
1.214818,
1.214764,
1.214711,
1.214656,
1.214604,
1.214554,
1.214504,
1.214455,
1.214408,
1.214361,
1.214316,
1.214272,
1.214227,
1.214186,
1.214146,
1.214107,
1.214069,
1.214032,
1.213996,
1.213961,
1.213926,
1.213891,
1.213859,
1.213827,
1.213797,
1.213767,
1.213738,
1.213709,
1.213681,
1.213654,
1.213627,
1.213603,
1.213579,
1.213556,
1.213534,
1.213513,
1.213492,
1.213473,
1.213455,
1.213439,
1.213423,
1.21341,
1.213397,
1.213386,
1.213377,
1.213369,
1.213363,
1.21336,
1.213362,
1.213366,
1.213373,
1.213385,
1.213399,
1.213416,
1.213438,
1.213463,
1.213493,
1.213529,
1.213568,
1.21361,
1.213655,
1.213703,
1.213754,
1.213808,
1.213865,
1.213927,
1.213996,
1.214066,
1.21414,
1.214217,
1.214298,
1.214381,
1.214469,
1.214561,
1.214658,
1.214766,
1.214875,
1.214987,
1.215103,
1.215223,
1.215347,
1.215474,
1.215608,
1.215746,
1.215898,
1.216049,
1.216204,
1.216363,
1.216527,
1.216695,
1.216868,
1.217048,
1.217236,
1.217441,
1.217645,
1.217856,
1.218072,
1.218296,
1.218526,
1.218763,
1.219008,
1.219263,
1.219538,
1.21981,
1.220088,
1.220371,
1.220659,
1.220953,
1.221253,
1.22156,
1.221876,
1.222214,
1.222546,
1.222883,
1.223225,
1.223573,
1.223927,
1.224288,
1.224657,
1.225036,
1.22544,
1.225837,
1.226238,
1.226646,
1.227059,
1.227478,
1.227903,
1.228337,
1.228781,
1.229252,
1.229712,
1.230177,
1.230647,
1.231123,
1.231605,
1.232094,
1.232592,
1.2331,
1.233639,
1.234166,
1.234699,
1.235237,
1.235783,
1.236335,
1.236895,
1.237464,
1.238044,
1.238657,
1.239254,
1.239854,
1.240459,
1.241067,
1.241681,
1.2423,
1.242927,
1.243562,
1.244231,
1.24488,
1.245531,
1.246185,
1.246843,
1.247506,
1.248175,
1.248851,
1.249536,
1.250256,
1.250954,
1.251653,
1.252355,
1.25306,
1.253768,
1.254482,
1.255202,
1.25593,
1.256691,
1.257428,
1.258165,
1.258902,
1.259642,
1.260385,
1.261131,
1.261883,
1.262642,
1.263436,
1.264202,
1.264968,
1.265734,
1.266502,
1.267272,
1.268045,
1.268822,
1.269605,
1.270421,
1.271206,
1.271987,
1.272766,
1.273544,
1.274321,
1.275098,
1.275877,
1.276658,
1.27747,
1.278249,
1.279022,
1.279792,
1.28056,
1.281326,
1.282093,
1.28286,
1.28363,
1.284427,
1.285193,
1.285951,
1.286705,
1.287456,
1.288204,
1.288951,
1.289697,
1.290443,
1.291214,
1.291951,
1.29268,
1.293403,
1.294121,
1.294835,
1.295546,
1.296255,
1.296962,
1.297691,
1.298386,
1.299072,
1.299751,
1.300424,
1.301092,
1.301756,
1.302415,
1.303071,
1.303743,
1.304381,
1.305007,
1.305624,
1.306232,
1.306832,
1.307425,
1.30801,
1.30859,
1.309182,
1.30974,
1.310286,
1.310822,
1.311349,
1.311869,
1.312382,
1.312888,
1.313387,
1.313896,
1.314374,
1.314841,
1.315297,
1.315744,
1.316183,
1.316615,
1.317038,
1.317454,
1.317873,
1.318265,
1.318644,
1.319012,
1.319371,
1.31972,
1.320062,
1.320394,
1.320718,
1.321042,
1.321342,
1.321629,
1.321906,
1.322173,
1.322432,
1.322682,
1.322922,
1.323152,
1.323377,
1.32358,
1.32377,
1.323947,
1.324113,
1.324269,
1.324414,
1.324548,
1.32467,
1.324784,
1.324879,
1.324962,
1.325034,
1.325097,
1.325151,
1.325196,
1.325231,
1.325257,
1.325272,
1.325274,
1.325266,
1.325249,
1.325223,
1.325189,
1.325147,
1.325095,
1.325033,
1.324958,
1.324874,
1.324781,
1.324678,
1.324568,
1.324451,
1.324326,
1.324192,
1.32405,
1.323893,
1.323732,
1.323565,
1.323391,
1.323211,
1.323026,
1.322834,
1.322636,
1.322428,
1.322205,
1.32198,
1.321748,
1.321509,
1.321264,
1.321011,
1.320752,
1.320484,
1.320208,
1.319913,
1.319621,
1.319324,
1.319023,
1.318716,
1.318406,
1.318092,
1.317772,
1.317446,
1.317105,
1.316771,
1.316434,
1.316095,
1.315754,
1.31541,
1.315063,
1.314712,
1.314356,
1.313984,
1.313622,
1.313259,
1.312895,
1.31253,
1.312164,
1.311796,
1.311427,
1.311056,
1.310673,
1.310304,
1.309938,
1.309575,
1.309215,
1.308857,
1.308501,
1.308147,
1.307792,
1.307427,
1.307076,
1.306729,
1.306383,
1.306038,
1.305694,
1.30535,
1.305005,
1.304661,
1.304306,
1.303967,
1.303631,
1.303299,
1.30297,
1.302643,
1.30232,
1.302,
1.301683,
1.30136,
1.301055,
1.300755,
1.300461,
1.300172,
1.299886,
1.299605,
1.299328,
1.299055,
1.298779,
1.298519,
1.298266,
1.298018,
1.297777,
1.297541,
1.297312,
1.29709,
1.296876,
1.296667,
1.296476,
1.296297,
1.29613,
1.295974,
1.295828,
1.295693,
1.295568,
1.295455,
1.295351,
1.295261,
1.295182,
1.295111,
1.295047,
1.29499,
1.29494,
1.294897,
1.294862,
1.294838,
1.294823,
1.294818,
1.294821,
1.294832,
1.294851,
1.29488,
1.294918,
1.294967,
1.295033,
1.295108,
1.295193,
1.295287,
1.29539,
1.295501,
1.295621,
1.295751,
1.295893,
1.296054,
1.29622,
1.296395,
1.296579,
1.296772,
1.296975,
1.297189,
1.297417,
1.297661,
1.297936,
1.298217,
1.298514,
1.298828,
1.299157,
1.299503,
1.299866,
1.300246,
1.300647,
1.301082,
1.301517,
1.301965,
1.302422,
1.302889,
1.303364,
1.303849,
1.304346,
1.304856,
1.305402,
1.305939,
1.306484,
1.307038,
1.307602,
1.308175,
1.308761,
1.30936,
1.309976,
1.310636,
1.311283,
1.31194,
1.312606,
1.313282,
1.313967,
1.314664,
1.315373,
1.316098,
1.316871,
1.317623,
1.318384,
1.319153,
1.319931,
1.320721,
1.321524,
1.322346,
1.323191,
1.324096,
1.324986,
1.325893,
1.326818,
1.327764,
1.32873,
1.329718,
1.33073,
1.331769,
1.332874,
1.333954,
1.335046,
1.336146,
1.337256,
1.338374,
1.339504,
1.340647,
1.341808,
1.343034,
1.344223,
1.345419,
1.346622,
1.347835,
1.34906,
1.350298,
1.351555,
1.352835,
1.354189,
1.355505,
1.356829,
1.358162,
1.359505,
1.360858,
1.362225,
1.363609,
1.365014,
1.366498,
1.367934,
1.369376,
1.370825,
1.372284,
1.373756,
1.375246,
1.37676,
1.378305,
1.379947,
1.381548,
1.383169,
1.384812,
1.38648,
1.388174,
1.389897,
1.391652,
1.393444,
1.395338,
1.397181,
1.399033,
1.400895,
1.402765,
1.404646,
1.40654,
1.408451,
1.410387,
1.412422,
1.414391,
1.416365,
1.418347,
1.42034,
1.422347,
1.424374,
1.426426,
1.42851,
1.430708,
1.432839,
1.434977,
1.437126,
1.439287,
1.441463,
1.443657,
1.445873,
1.44812,
1.450486,
1.452773,
1.455064,
1.457364,
1.459676,
1.462005,
1.464357,
1.466742,
1.469171,
1.471743,
1.474244,
1.476769,
1.47932,
1.481903,
1.48452,
1.487176,
1.489874,
1.492621,
1.495519,
1.498331,
1.501152,
1.503984,
1.506825,
1.509679,
1.51255,
1.515443,
1.51837,
1.521443,
1.524412,
1.527385,
1.530367,
1.533363,
1.536379,
1.539421,
1.542496,
1.545616,
1.548903,
1.552083,
1.555273,
1.558475,
1.561692,
1.564929,
1.56819,
1.571481,
1.574815,
1.57832,
1.581705,
1.585093,
1.588491,
1.591903,
1.595338,
1.598802,
1.602309,
1.605873,
1.609636,
1.613289,
1.616967,
1.620676,
1.624422,
1.62821,
1.632045,
1.635932,
1.639882,
1.644039,
1.648065,
1.652098,
1.656139,
1.660191,
1.664256,
1.668341,
1.672455,
1.67661,
1.680966,
1.68517,
1.689374,
1.693586,
1.697814,
1.702064,
1.706347,
1.710672,
1.715052,
1.719658,
1.72411,
1.728568,
1.733038,
1.737525,
1.742034,
1.746572,
1.751148,
1.755776,
1.760632,
1.765316,
1.77,
1.774691,
1.779397,
1.784127,
1.788891,
1.793704,
1.798584,
1.803721,
1.808697,
1.813694,
1.818721,
1.823786,
1.828894,
1.834053,
1.839271,
1.844559,
1.850109,
1.855473,
1.860835,
1.866199,
1.871569,
1.876951,
1.88235,
1.88778,
1.893255,
1.898983,
1.904501,
1.91001,
1.915522,
1.921046,
1.926592,
1.932172,
1.937796,
1.943483,
1.949447,
1.955201,
1.960953,
1.966712,
1.972484,
1.978276,
1.984097,
1.989958,
1.995874,
2.002066,
2.008031,
2.013984,
2.019937,
2.025899,
2.031882,
2.037898,
2.043962,
2.050095,
2.056529,
2.062745,
2.068969,
2.075214,
2.08149,
2.087804,
2.094164,
2.10058,
2.107063,
2.113846,
2.120385,
2.126905,
2.133415,
2.139921,
2.146427,
2.152945,
2.159486,
2.166067,
2.172935,
2.179536,
2.186112,
2.192679,
2.199248,
2.205832,
2.212443,
2.219094,
2.225802,
2.232817,
2.23957,
2.246306,
2.253036,
2.25977,
2.266515,
2.273282,
2.280081,
2.286929,
2.294076,
2.300946,
2.307787,
2.314614,
2.32144,
2.328275,
2.335132,
2.342028,
2.348981,
2.356249,
2.363251,
2.370241,
2.377233,
2.384241,
2.391271,
2.398334,
2.405436,
2.412591,
2.42005,
2.427217,
2.434344,
2.44144,
2.448514,
2.455574,
2.462628,
2.46969,
2.476776,
2.484145,
2.491208,
2.498224,
2.505213,
2.512188,
2.519163,
2.526149,
2.533161,
2.540212,
2.547561,
2.554615,
2.561631,
2.568623,
2.575603,
2.58258,
2.589562,
2.59656,
2.603587,
2.610896,
2.6179,
2.624855,
2.631776,
2.63868,
2.645575,
2.652475,
2.659392,
2.666343,
2.67358,
2.680526,
2.687435,
2.694324,
2.701206,
2.70809,
2.714982,
2.721889,
2.72882,
2.736014,
2.742899,
2.749719,
2.756485,
2.763209,
2.769898,
2.776559,
2.783204,
2.789846,
2.796723,
2.803285,
2.80978,
2.816226,
2.822641,
2.829035,
2.83542,
2.841806,
2.848205,
2.854845,
2.861192,
2.867481,
2.873727,
2.879943,
2.886137,
2.892316,
2.898487,
2.904659,
2.911049,
2.917145,
2.923174,
2.929151,
2.935092,
2.941006,
2.946902,
2.952791,
2.958682,
2.964785,
2.970614,
2.976385,
2.982117,
2.98782,
2.993504,
2.999171,
3.004827,
3.010473,
3.0163,
3.021844,
3.027305,
3.032696,
3.038026,
3.043304,
3.048533,
3.053721,
3.058876,
3.06418,
3.069209,
3.074156,
3.07904,
3.083877,
3.088678,
3.09345,
3.0982,
3.102934,
3.107819,
3.112457,
3.117028,
3.121544,
3.126018,
3.130454,
3.134859,
3.139235,
3.143585,
3.148059,
3.152296,
3.156459,
3.160563,
3.164619,
3.168636,
3.17262,
3.176576,
3.18051,
3.184558,
3.188395,
3.192171,
3.1959,
3.199591,
3.203252,
3.206881,
3.210481,
3.214049,
3.2177,
3.221142,
3.224501,
3.227789,
3.231012,
3.234176,
3.237282,
3.240335,
3.243336,
3.246394,
3.249255,
3.252041,
3.254766,
3.257441,
3.260077,
3.262678,
3.265246,
3.267782,
3.270378,
3.272813,
3.275189,
3.277516,
3.279802,
3.28205,
3.284264,
3.286442,
3.288583,
3.290764,
3.292797,
3.294769,
3.296692,
3.298573,
3.300418,
3.302232,
3.304015,
3.305771,
3.307562,
3.309237,
3.310869,
3.312468,
3.314041,
3.31559,
3.317115,
3.318614,
3.320082,
3.321566,
3.322938,
3.324253,
3.325516,
3.326731,
3.327898,
3.329021,
3.3301,
3.331134,
3.332167,
3.3331,
3.333985,
3.334832,
3.335648,
3.336438,
3.337205,
3.337952,
3.338678,
3.339414,
3.340084,
3.340723,
3.341339,
3.341932,
3.342507,
3.343062,
3.343598,
3.344112,
3.344631,
3.345092,
3.345526,
3.345937,
3.346331,
3.346711,
3.347079,
3.347438,
3.347792,
3.348162,
3.348503,
3.348838,
3.349174,
3.349512,
3.349853,
3.350197,
3.350543,
3.350888,
3.351246,
3.351574,
3.351887,
3.352184,
3.352464,
3.352729,
3.352979,
3.353215,
3.35344,
3.353673,
3.353878,
3.354076,
3.35427,
3.354464,
3.35466,
3.354864,
3.355076,
3.355301,
3.355559,
3.355808,
3.356067,
3.356334,
3.35661,
3.356896,
3.357192,
3.357501,
3.357825,
3.358189,
3.358542,
3.358907,
3.359282,
3.359671,
3.360076,
3.360502,
3.360955,
3.361441,
3.361996,
3.362558,
3.363153,
3.363785,
3.364453,
3.365158,
3.3659,
3.366683,
3.36751,
3.368416,
3.369316,
3.370239,
3.371182,
3.372141,
3.373117,
3.374111,
3.37513,
3.376179,
3.377313,
3.378427,
3.379565,
3.380728,
3.381919,
3.383141,
3.384398,
3.385699,
3.387052,
3.388519,
3.389968,
3.391453,
3.39297,
3.394522,
3.396107,
3.39773,
3.399396,
3.401115,
3.402963,
3.404777,
3.406623,
3.408502,
3.410416,
3.412368,
3.414366,
3.416422,
3.418547,
3.420837,
3.423099,
3.425414,
3.427783,
3.430209,
3.432693,
3.43524,
3.437855,
3.440549,
3.443423,
3.446244,
3.4491,
3.45199,
3.454913,
3.457869,
3.460862,
3.463903,
3.467004,
3.470289,
3.473491,
3.476724,
3.479988,
3.48329,
3.486633,
3.490026,
3.493478,
3.497005,
3.500745,
3.504394,
3.508076,
3.511792,
3.515545,
3.519339,
3.523179,
3.527075,
3.531041,
3.535231,
3.539303,
3.543401,
3.547527,
3.551687,
3.555889,
3.560141,
3.564458,
3.568858,
3.573514,
3.578052,
3.582632,
3.587259,
3.59194,
3.596677,
3.601479,
3.606353,
3.611313,
3.616538,
3.621613,
3.626706,
3.631819,
3.636954,
3.642115,
3.647309,
3.652547,
3.657845,
3.663403,
3.668777,
3.674158,
3.679554,
3.684973,
3.690422,
3.695913,
3.701457,
3.707071,
3.712964,
3.718665,
3.724373,
3.730095,
3.735837,
3.741605,
3.747407,
3.753253,
3.759161,
3.765347,
3.771317,
3.777282,
3.78325,
3.789232,
3.795238,
3.80128,
3.807372,
3.813534,
3.819997,
3.826247,
3.832507,
3.838788,
3.8451,
3.851452,
3.857848,
3.864299,
3.870818,
3.877634,
3.884208,
3.890764,
3.897309,
3.903849,
3.910391,
3.916944,
3.923516,
3.930126,
3.937016,
3.943638,
3.95023,
3.956807,
3.963382,
3.969965,
3.976567,
3.983202,
3.989885,
3.996859,
4.003567,
4.010248,
4.016914,
4.023577,
4.030243,
4.03692,
4.043619,
4.050355,
4.057372,
4.064108,
4.070802,
4.077475,
4.084136,
4.090797,
4.097471,
4.104172,
4.11092,
4.117963,
4.124737,
4.131491,
4.138241,
4.144999,
4.151773,
4.158572,
4.165401,
4.172272,
4.179424,
4.186286,
4.1931,
4.199876,
4.206621,
4.213343,
4.220051,
4.226755,
4.23347,
4.240441,
4.247109,
4.253721,
4.260295,
4.266847,
4.27339,
4.279933,
4.28649,
4.293074,
4.299925,
4.306489,
4.313006,
4.319491,
4.325956,
4.332408,
4.338857,
4.345311,
4.351782,
4.358505,
4.364933,
4.371307,
4.377641,
4.38395,
4.390247,
4.396543,
4.402851,
4.409189,
4.415792,
4.422125,
4.428425,
4.434711,
4.440994,
4.447284,
4.453587,
4.459909,
4.466256,
4.472852,
4.479164,
4.485415,
4.491618,
4.497781,
4.503911,
4.510014,
4.516103,
4.522189,
4.528498,
4.534517,
4.540475,
4.546391,
4.552281,
4.558157,
4.564031,
4.569914,
4.575818,
4.581961,
4.587839,
4.593671,
4.599473,
4.605253,
4.611021,
4.616785,
4.622551,
4.628332,
4.634339,
4.640078,
4.645765,
4.651416,
4.657045,
4.662663,
4.668281,
4.673913,
4.679574,
4.685479,
4.691142,
4.69678,
4.702408,
4.70804,
4.713681,
4.719338,
4.725017,
4.730724,
4.73666,
4.742341,
4.747971,
4.753559,
4.759111,
4.764635,
4.770138,
4.775629,
4.781122,
4.786823,
4.792266,
4.797659,
4.803021,
4.808364,
4.813703,
4.819046,
4.824405,
4.829795,
4.835416,
4.840803,
4.846158,
4.851493,
4.856819,
4.862141,
4.867468,
4.872807,
4.878169,
4.883755,
4.889102,
4.894411,
4.899697,
4.90497,
4.910243,
4.915526,
4.920831,
4.926175,
4.931762,
4.937132,
4.942489,
4.947848,
4.953218,
4.958605,
4.964017,
4.969458,
4.974937,
4.980648,
4.986124,
4.991563,
4.996969,
5.002351,
5.007712,
5.013062,
5.018411,
5.023771,
5.029347,
5.034682,
5.039979,
5.045255,
5.050523,
5.055793,
5.061076,
5.066386,
5.071734,
5.077322,
5.082688,
5.088033,
5.093367,
5.098699,
5.104034,
5.109382,
5.114751,
5.120151,
5.125785,
5.131188,
5.136563,
5.141921,
5.147274,
5.152631,
5.158004,
5.163404,
5.168846,
5.174537,
5.180013,
5.185479,
5.190946,
5.196425,
5.201922,
5.207442,
5.212993,
5.218583,
5.224408,
5.23,
5.235556,
5.241082,
5.246585,
5.252072,
5.25755,
5.263029,
5.268524,
5.274238,
5.279711,
5.285146,
5.29056,
5.295966,
5.301374,
5.306794,
5.312239,
5.317719,
5.323439,
5.328932,
5.3344,
5.339855,
5.345303,
5.350755,
5.356215,
5.361693,
5.3672,
5.372935,
5.378434,
5.3839,
5.389347,
5.394783,
5.400218,
5.405661,
5.411123,
5.416618,
5.422343,
5.427844,
5.43332,
5.438784,
5.444245,
5.449711,
5.455186,
5.460677,
5.46619,
5.471919,
5.477406,
5.482846,
5.488247,
5.493617,
5.498964,
5.504294,
5.509616,
5.514942,
5.520465,
5.525744,
5.530975,
5.536175,
5.541356,
5.546528,
5.5517,
5.556881,
5.562081,
5.567487,
5.572664,
5.577802,
5.582914,
5.58801,
5.593094,
5.598174,
5.603257,
5.60835,
5.613633,
5.618686,
5.623691,
5.628664,
5.633614,
5.638548,
5.643473,
5.648396,
5.653322,
5.658427,
5.663305,
5.668134,
5.672926,
5.677692,
5.682435,
5.687163,
5.691877,
5.696583,
5.70144,
5.706066,
5.710627,
5.715133,
5.719598,
5.724024,
5.728419,
5.732788,
5.737138,
5.741624,
5.745886,
5.750089,
5.754247,
5.75837,
5.762469,
5.766547,
5.770612,
5.774667,
5.778852,
5.782834,
5.786762,
5.790648,
5.794503,
5.798331,
5.802137,
5.805924,
5.809693,
5.813572,
5.817256,
5.820883,
5.824463,
5.828006,
5.831515,
5.834992,
5.838437,
5.84185,
5.845338,
5.848632,
5.85185,
5.855004,
5.858101,
5.861145,
5.864138,
5.86708,
5.869973,
5.872908,
5.875657,
5.878326,
5.88093,
5.883476,
5.885973,
5.888421,
5.890823,
5.893179,
5.895563,
5.897789,
5.899946,
5.902048,
5.904102,
5.906113,
5.908083,
5.910011,
5.911893,
5.913784,
5.91554,
5.917233,
5.91887,
5.920462,
5.922011,
5.923518,
5.924981,
5.926394,
5.927789,
5.929074,
5.930293,
5.931458,
5.932572,
5.933631,
5.934635,
5.935573,
5.936432,
5.937216,
5.937877,
5.938439,
5.938906,
5.939284,
5.939571,
5.939766,
5.939866,
5.939864,
5.939748,
5.939535,
5.939232,
5.938854,
5.938408,
5.9379,
5.937327,
5.936684,
5.935961,
5.935115,
5.93422,
5.933254,
5.932224,
5.931132,
5.929979,
5.928759,
5.927461,
5.926074,
5.924523,
5.922948,
5.921301,
5.919589,
5.917816,
5.915982,
5.914082,
5.912106,
5.910039,
5.907777,
5.90553,
5.903217,
5.900841,
5.898398,
5.895881,
5.893276,
5.890561,
5.88771,
5.884575,
5.881431,
5.878163,
5.874766,
5.87124,
5.86758,
5.863779,
5.859824,
5.855703,
5.85125,
5.846836,
5.842326,
5.83773,
5.833056,
5.828305,
5.823469,
5.818533,
5.813473,
5.808077,
5.802793,
5.797436,
5.792007,
5.786498,
5.780903,
5.775207,
5.76939,
5.76342,
5.757049,
5.750815,
5.744501,
5.738107,
5.731632,
5.725073,
5.718415,
5.71164,
5.704716,
5.697354,
5.690186,
5.682951,
5.675641,
5.668247,
5.660752,
5.653129,
5.645342,
5.637342,
5.628779,
5.620375,
5.611819,
5.603098,
5.594203,
5.585121,
5.57584,
5.566338,
5.556587,
5.546218,
5.536081,
5.525844,
5.515514,
5.505094,
5.494582,
5.483959,
5.4732,
5.462259,
5.450705,
5.43948,
5.428187,
5.416812,
5.40534,
5.393751,
5.382022,
5.370113,
5.357978,
5.345133,
5.332644,
5.32007,
5.307403,
5.294635,
5.281754,
5.268738,
5.255553,
5.242152,
5.227999,
5.214281,
5.200503,
5.186642,
5.172679,
5.158586,
5.144323,
5.129834,
5.115049,
5.099356,
5.084055,
5.068585,
5.052918,
5.037036,
5.02092,
5.004543,
4.987877,
4.970877,
4.952914,
4.935445,
4.917889,
4.900242,
4.882504,
4.864661,
4.846689,
4.828544,
4.810163,
4.790835,
4.772126,
4.753368,
4.734531,
4.715585,
4.696501,
4.677237,
4.65774,
4.637944,
4.617077,
4.596856,
4.576563,
4.556176,
4.535676,
4.515042,
4.494243,
4.473229,
4.451937,
4.429538,
4.407885,
4.386194,
4.364433,
4.342565,
4.320549,
4.298331,
4.275837,
4.252975,
4.228833,
4.205388,
4.181781,
4.157971,
4.133926,
4.109617,
4.085009,
4.060059,
4.034711,
4.008039,
3.982196,
3.956306,
3.930357,
3.904335,
3.878221,
3.851977,
3.825546,
3.798847,
3.77086,
3.743846,
3.716833,
3.689769,
3.662608,
3.635306,
3.607808,
3.580046,
3.551934,
3.522402,
3.493859,
3.465286,
3.436645,
3.407904,
3.379031,
3.349985,
3.320704,
3.291109,
3.260075,
3.230143,
3.200231,
3.170285,
3.140254,
3.110085,
3.07971,
3.049041,
3.017967,
2.985284,
2.953643,
2.921891,
2.889965,
2.857819,
2.825412,
2.792704,
2.759644,
2.726163,
2.691057,
2.657146,
2.623269,
2.589397,
2.555504,
2.521561,
2.487522,
2.453317,
2.41885,
2.382826,
2.348145,
2.313547,
2.278959,
2.244315,
2.209558,
2.174621,
2.139424,
2.103871,
2.066628,
2.030719,
1.994856,
1.95898,
1.923046,
1.887011,
1.850826,
1.814422,
1.777711,
1.739321,
1.702377,
1.665539,
1.628732,
1.59189,
1.554949,
1.517832,
1.480442,
1.442661,
1.403051,
1.364811,
1.326543,
1.288165,
1.249617,
1.21085,
1.171818,
1.132467,
1.092725,
1.05118,
1.011162,
0.9712843,
0.9315029,
0.8917787,
0.8520733,
0.8123349,
0.7724873,
0.7324273,
0.6906664,
0.6505626,
0.6106451,
0.5708174,
0.5309984,
0.4911172,
0.4511016,
0.4108662,
0.3703092,
0.327927,
0.2871579,
0.2465239,
0.2059501,
0.1653772,
0.1247558,
0.08403264,#24 TVTotal-Analysis1 
0.04313784,
0.001980387,
-0.04095794,#21 InspEnd-Analysis1 #25 EffortNewEventEnd 
